db_id,imdb_id,name,next_golden_win,next_golden_nominate,pre_golden_win_num,pre_golden_nominate_num,pre_golden_total,pre_oscars_win_num,pre_oscars_nominate_num,pre_oscars_total,pre_actor_win_num,pre_actor_nominate_num,pre_actor_total,pre_bafta_win_num,pre_bafta_nominate_num,pre_bafta_total,pre_independent_win_num,pre_independent_nominate_num,pre_independent_total,pre_critic_win_num,pre_critic_nominate_num,pre_critic_total,pre_mtv_win_num,pre_mtv_nominate_num,pre_mtv_total,pre_wga_win_num,pre_wga_nominate_num,pre_wga_total,pre_dga_win_num,pre_dga_nominate_num,pre_dga_total,pre_win_total,pre_nominate_total,pre_total,first_movie_year,first_award_year,break_years,movie_imdb_id,experience,max_budget,max_gross,max_meta_score,max_imdb_rating
2055062,8651,"Abernathy, Donzaleigh",0,0,0,0,0,0,0,0,0,0,0,0,0,0,0,0,0,0,0,0,0,0,0,0,0,0,0,0,0,0,0,0,1990,0,999,NULL,13,56000000,12870569,30.0,6.3
2060968,1094831,"Agnew, Sarah",0,0,0,0,0,0,0,0,0,0,0,0,0,0,0,0,0,0,0,0,0,0,0,0,0,0,0,0,0,0,0,0,2001,0,999,NULL,2,200000,NULL,NULL,6.3
2065723,4695,"Alba, Jessica",0,0,0,1,1,0,0,0,0,0,0,0,0,0,0,0,0,0,0,0,0,0,0,0,0,0,0,0,0,0,1,1,1994,2001,7,NULL,9,25000000,30222640,37.0,6.6
2069838,19569,"Alice, Mary",0,0,0,0,0,0,0,0,0,0,0,0,0,0,0,0,0,0,0,0,0,0,0,0,0,0,0,0,0,0,0,0,1974,0,999,NULL,29,110000000,139259759,47.0,6.7
2071189,260,"Allen, Joan",0,0,0,2,2,0,3,3,0,0,0,0,1,1,0,0,0,2,2,4,0,0,0,0,0,0,0,0,0,2,8,10,1978,1996,18,NULL,25,NULL,1310368,68.0,7.3
2071200,20693,"Allen, Jonelle",0,0,0,0,0,0,0,0,0,0,0,0,0,0,0,0,0,0,0,0,0,0,0,0,0,0,0,0,0,0,0,0,1970,0,999,NULL,33,500000,NULL,NULL,7.0
2080066,97,"Anderson, Pamela",0,0,0,0,0,0,0,0,0,0,0,0,0,0,0,0,0,0,0,0,0,0,0,0,0,0,0,0,0,0,0,0,1991,0,999,NULL,12,48000000,110003217,49.0,5.4
2083932,98,"Aniston, Jennifer",0,0,1,2,3,0,0,0,0,0,0,0,0,0,0,0,0,0,0,0,0,0,0,0,0,0,0,0,0,1,2,3,1988,2002,14,NULL,15,81000000,242589580,46.0,6.7
2084086,30136,"Anka, Amanda",0,0,0,0,0,0,0,0,0,0,0,0,0,0,0,0,0,0,0,0,0,0,0,0,0,0,0,0,0,0,0,0,1992,0,999,NULL,11,3000000,NULL,NULL,5.6
2086303,31655,"Anu, Christine",0,0,0,0,0,0,0,0,0,0,0,0,0,0,0,0,0,0,0,0,0,0,0,0,0,0,0,0,0,0,0,0,2001,0,999,NULL,2,150000000,281492479,62.0,7.2
2087463,775,"Applegate, Christina",0,0,0,1,1,0,0,0,0,0,0,0,0,0,0,0,0,0,0,0,0,0,0,0,0,0,0,0,0,0,1,1,1981,1999,18,NULL,22,30000000,15589458,43.0,6.6
2089410,33871,"Arcoraci, Vene L.",0,0,0,0,0,0,0,0,0,0,0,0,0,0,0,0,0,0,0,0,0,0,0,0,0,0,0,0,0,0,0,0,1994,0,999,NULL,9,1000000,NULL,NULL,6.2
2096084,1369391,"Ashton-Sheibu, Alima",0,0,0,0,0,0,0,0,0,0,0,0,0,0,0,0,0,0,0,0,0,0,0,0,0,0,0,0,0,0,0,0,2003,0,999,NULL,0,150000000,281492479,62.0,7.2
2097045,40012,"Astin, Alexandra",0,0,0,0,0,0,0,0,0,0,0,0,0,0,0,0,0,0,0,0,0,0,0,0,0,0,0,0,0,0,0,0,2003,0,999,NULL,0,94000000,377845905,94.0,8.9
2097889,40586,"Atkins, Eileen",0,0,0,0,0,0,0,0,0,0,0,0,0,0,0,0,0,0,0,0,0,0,0,0,0,0,0,0,0,0,0,0,1977,0,999,NULL,26,79000000,95632614,73.0,7.2
2097895,40591,"Atkins, Essence",0,0,0,0,0,0,0,0,0,0,0,0,0,0,0,0,0,0,0,0,0,0,0,0,0,0,0,0,0,0,0,0,2001,0,999,NULL,2,NULL,17334912,46.0,6.0
2098461,1470128,"Atwal, Tanveer K.",0,0,0,0,0,0,0,0,0,0,0,0,0,0,0,0,0,0,0,0,0,0,0,0,0,0,0,0,0,0,0,0,2003,0,999,NULL,0,110000000,139259759,47.0,6.7
2106130,1349694,"Bailess, Katherine",0,0,0,0,0,0,0,0,0,0,0,0,0,0,0,0,0,0,0,0,0,0,0,0,0,0,0,0,0,0,0,0,2003,0,999,NULL,0,12000000,4922166,14.0,2.1
2106269,1352900,"Bailey, Chloe",0,0,0,0,0,0,0,0,0,0,0,0,0,0,0,0,0,0,0,0,0,0,0,0,0,0,0,0,0,0,0,0,2003,0,999,NULL,0,15000000,30238577,53.0,5.5
2107839,834,"Baker, Kathy",0,0,1,3,4,0,0,0,0,0,0,0,0,0,0,0,0,0,0,0,0,0,0,0,0,0,0,0,0,1,3,4,1983,1994,11,NULL,20,79000000,95632614,73.0,7.2
2108805,1505267,"Balardini, Debora",0,0,0,0,0,0,0,0,0,0,0,0,0,0,0,0,0,0,0,0,0,0,0,0,0,0,0,0,0,0,0,0,2003,0,999,NULL,0,150000,NULL,NULL,5.9
2117824,57238,"Barrett, Nicole",0,0,0,0,0,0,0,0,0,0,0,0,0,0,0,0,0,0,0,0,0,0,0,0,0,0,0,0,0,0,0,0,2003,0,999,NULL,0,1200000,58936,49.0,6.1
2118839,106,"Barrymore, Drew",0,0,0,2,2,0,0,0,0,0,0,0,0,0,0,0,0,0,0,0,0,0,0,0,0,0,0,0,0,0,2,2,1980,1985,5,NULL,23,120000000,100685880,50.0,5.8
2120627,107,"Basinger, Kim",0,0,1,2,3,1,1,2,0,0,0,0,1,1,0,0,0,0,0,0,0,0,0,0,0,0,0,0,0,2,4,6,1981,1985,4,NULL,22,NULL,121972,53.0,5.5
2121004,60221,"Bassett, Linda",0,0,0,0,0,0,0,0,0,0,0,0,1,1,0,0,0,0,0,0,0,0,0,0,0,0,0,0,0,0,1,1,1996,2000,4,NULL,7,10000000,31011616,60.0,6.9
2121657,1278492,"Bateman, Britani",0,0,0,0,0,0,0,0,0,0,0,0,0,0,0,0,0,0,0,0,0,0,0,0,0,0,0,0,0,0,0,0,2003,0,999,NULL,0,500000,1111615,NULL,5.8
2123839,880,"Baxter, Meredith",0,0,0,0,0,0,0,0,0,0,0,0,0,0,0,0,0,0,0,0,0,0,0,0,0,0,0,0,0,0,0,0,1972,0,999,NULL,31,5000000,NULL,NULL,5.5
2124263,63142,"Bayne, Jordan",0,0,0,0,0,0,0,0,0,0,0,0,0,0,0,0,0,0,0,0,0,0,0,0,0,0,0,0,0,0,0,0,1999,0,999,NULL,4,455000,NULL,NULL,3.9
2124743,63571,"Beahan, Kate",0,0,0,0,0,0,0,0,0,0,0,0,0,0,0,0,0,0,0,0,0,0,0,0,0,0,0,0,0,0,0,0,2000,0,999,NULL,3,110000000,139259759,47.0,6.7
2127098,295,"Beckinsale, Kate",0,0,0,0,0,0,0,0,0,0,0,0,0,0,0,0,0,0,0,0,0,0,0,0,0,0,0,0,0,0,0,0,1993,0,999,NULL,10,22000000,51970690,61.0,7.0
2127480,66072,"Bedi, Purva",0,0,0,0,0,0,0,0,0,0,0,0,0,0,0,0,0,0,0,0,0,0,0,0,0,0,0,0,0,0,0,0,1998,0,999,NULL,5,NULL,112746,31.0,5.7
2131152,4742,"Bello, Maria",0,1,0,0,0,0,0,0,0,0,0,0,0,0,0,0,0,0,0,0,0,0,0,0,0,0,0,0,0,0,0,0,1992,0,999,318374,11,3200000,8243880,69.0,7.0
2131279,899,"Bellucci, Monica",0,0,0,0,0,0,0,0,0,0,0,0,0,0,0,0,0,0,0,0,0,0,0,0,0,0,0,0,0,0,0,0,1992,0,999,NULL,11,150000000,281492479,62.0,7.2
2133249,906,"Bening, Annette",0,0,0,3,3,0,2,2,0,0,0,1,2,3,0,0,0,0,0,0,0,0,0,0,0,0,0,0,0,1,7,8,1988,1991,3,NULL,15,22000000,58328680,67.0,7.5
2134500,72245,"Benoit, Jackie",0,0,0,0,0,0,0,0,0,0,0,0,0,0,0,0,0,0,0,0,0,0,0,0,0,0,0,0,0,0,0,0,2003,0,999,NULL,0,NULL,21897389,37.0,4.9
2134674,72435,"Benson, Amber",0,0,0,0,0,0,0,0,0,0,0,0,0,0,0,0,0,0,0,0,0,0,0,0,0,0,0,0,0,0,0,0,1993,0,999,NULL,10,850000,819939,45.0,7.3
2136396,298,"Bergen, Candice",0,0,2,9,11,0,1,1,0,0,0,0,1,1,0,0,0,0,0,0,0,0,0,0,0,0,0,0,0,2,11,13,1966,1980,14,NULL,37,30000000,20440627,46.0,5.7
2139582,932,"Berry, Halle",0,0,1,2,3,1,1,2,0,0,0,0,1,1,0,0,0,0,0,0,0,0,0,0,0,0,0,0,0,2,4,6,1991,2000,9,NULL,12,110000000,214948780,38.0,5.8
2143941,4754,"Biel, Jessica",0,0,0,0,0,0,0,0,0,0,0,0,0,0,0,0,0,0,0,0,0,0,0,0,0,0,0,0,0,0,0,0,1994,0,999,NULL,9,9200000,80148261,38.0,6.2
2147164,302,"Bisset, Jacqueline",0,0,0,3,3,0,0,0,0,0,0,0,0,0,0,0,0,0,0,0,0,0,0,0,0,0,0,0,0,0,3,3,1967,1979,12,NULL,36,2500000,819939,45.0,7.3
2148384,947,"Black, Karen",0,0,2,3,5,0,1,1,0,0,0,0,0,0,0,0,0,0,0,0,0,0,0,0,0,0,0,0,0,2,4,6,1960,1971,11,NULL,43,7000000,12634962,31.0,6.0
2149534,4757,"Blair, Selma",0,0,0,0,0,0,0,0,0,0,0,0,0,0,0,0,0,0,0,0,0,0,0,0,0,0,0,0,0,0,0,0,1996,0,999,NULL,7,20000000,15408822,55.0,6.2
2150445,949,"Blanchett, Cate",0,1,1,2,3,0,1,1,0,0,0,1,2,3,0,0,0,1,1,2,0,0,0,0,0,0,0,0,0,3,6,9,1997,1999,2,312549,6,94000000,377845905,94.0,8.9
2151662,950,"Blethyn, Brenda",0,0,1,3,4,0,2,2,0,0,0,1,2,3,0,0,0,0,0,0,0,0,0,0,0,0,0,0,0,2,7,9,1990,1997,7,NULL,13,12000000,385810,NULL,6.6
2159422,1354479,"Boone, Malerie",0,0,0,0,0,0,0,0,0,0,0,0,0,0,0,0,0,0,0,0,0,0,0,0,0,0,0,0,0,0,0,0,2003,0,999,NULL,0,500000,41929,57.0,6.7
2159433,1144927,"Boone, Nancy Jo",0,0,0,0,0,0,0,0,0,0,0,0,0,0,0,0,0,0,0,0,0,0,0,0,0,0,0,0,0,0,0,0,1999,0,999,NULL,4,500000,41929,57.0,6.7
2162443,98378,"Bosworth, Kate",0,0,0,0,0,0,0,0,0,0,0,0,0,0,0,0,0,0,0,0,0,0,0,0,0,0,0,0,0,0,0,0,1998,0,999,NULL,5,5000000,1056102,43.0,6.6
2166012,101799,"Boyd, Jenna",0,0,0,0,0,0,0,0,0,0,0,0,0,0,0,0,0,0,0,0,0,0,0,0,0,0,0,0,0,0,0,0,2003,0,999,NULL,0,60000000,34238611,55.0,6.5
2168646,1505294,"Branch, Jeanette",0,0,0,0,0,0,0,0,0,0,0,0,0,0,0,0,0,0,0,0,0,0,0,0,0,0,0,0,0,0,0,0,2000,0,999,NULL,3,250000,NULL,NULL,3.9
2171956,312,"Brenneman, Amy",0,0,0,3,3,0,0,0,0,0,0,0,0,0,0,0,0,0,0,0,0,0,0,0,0,0,0,0,0,0,3,3,1995,2000,5,NULL,8,NULL,1310368,68.0,7.3
2171960,1265337,"Brenneman, Constance",0,0,0,0,0,0,0,0,0,0,0,0,0,0,0,0,0,0,0,0,0,0,0,0,0,0,0,0,0,0,0,0,2002,0,999,NULL,1,2500000,NULL,36.0,6.0
2175180,306967,"Broberg, Jan",0,0,0,0,0,0,0,0,0,0,0,0,0,0,0,0,0,0,0,0,0,0,0,0,0,0,0,0,0,0,0,0,1993,0,999,NULL,10,2000000,1672730,NULL,3.2
2176561,111846,"Brooks, Aimee",0,0,0,0,0,0,0,0,0,0,0,0,0,0,0,0,0,0,0,0,0,0,0,0,0,0,0,0,0,0,0,0,1986,0,999,NULL,17,4000000,NULL,NULL,6.0
2182782,117146,"Bryant, Joy",0,0,0,0,0,0,0,0,0,0,0,0,0,0,0,0,0,0,0,0,0,0,0,0,0,0,0,0,0,0,0,0,2002,0,999,NULL,1,25000000,30222640,37.0,5.2
2183907,1431237,"Buchet-Deàk, Esmée",0,0,0,0,0,0,0,0,0,0,0,0,0,0,0,0,0,0,0,0,0,0,0,0,0,0,0,0,0,0,0,0,2003,0,999,NULL,0,NULL,9074550,51.0,4.9
2189325,123201,"Burroughs, Jackie",0,0,0,0,0,0,0,0,0,0,0,0,0,0,0,0,0,0,0,0,0,0,0,0,0,0,0,0,0,0,0,0,1980,0,999,NULL,23,22000000,15408822,61.0,6.1
2192184,4789,"Bynes, Amanda",0,0,0,0,0,0,0,0,0,0,0,0,0,0,0,0,0,0,0,0,0,0,0,0,0,0,0,0,0,0,0,0,2002,0,999,NULL,1,20000000,35990505,41.0,5.8
2198578,1627992,"Cameron, Samira",0,0,0,0,0,0,0,0,0,0,0,0,0,0,0,0,0,0,0,0,0,0,0,0,0,0,0,0,0,0,0,0,2003,0,999,NULL,0,1000000,NULL,NULL,NULL
2199776,117,"Campbell, Neve",0,0,0,0,0,0,0,0,0,0,0,0,0,0,0,0,0,0,0,0,0,0,0,0,0,0,0,0,0,0,0,0,1996,0,999,NULL,7,15000000,2281585,73.0,7.1
2204009,4802,"Cardellini, Linda",0,0,0,0,0,0,0,0,0,0,0,0,0,0,0,0,0,0,0,0,0,0,0,0,0,0,0,0,0,0,0,0,1997,0,999,NULL,6,22000000,NULL,NULL,6.7
2210697,4813,"Cartwright, Nancy",0,0,0,0,0,0,0,0,0,0,0,0,0,0,0,0,0,0,0,0,0,0,0,0,0,0,0,0,0,0,0,0,1983,0,999,NULL,20,25000000,39399750,38.0,5.5
2215858,146536,"Caulfield, Emma",0,0,0,0,0,0,0,0,0,0,0,0,0,0,0,0,0,0,0,0,0,0,0,0,0,0,0,0,0,0,0,0,2002,0,999,NULL,1,11000000,32131483,23.0,4.9
2218641,148923,"Cervenka, Exene",0,0,0,0,0,0,0,0,0,0,0,0,0,0,0,0,0,0,0,0,0,0,0,0,0,0,0,0,0,0,0,0,1981,0,999,NULL,22,NULL,257315,71.0,7.1
2229117,1291597,"Chilcoat, Joanna",0,0,0,0,0,0,0,0,0,0,0,0,0,0,0,0,0,0,0,0,0,0,0,0,0,0,0,0,0,0,0,0,2003,0,999,NULL,0,NULL,1628154,55.0,6.4
2232014,4825,"Chriqui, Emmanuelle",0,0,0,0,0,0,0,0,0,0,0,0,0,0,0,0,0,0,0,0,0,0,0,0,0,0,0,0,0,0,0,0,1999,0,999,NULL,4,12600000,15417771,32.0,6.1
2238590,1225628,"Clarkson, Kelly",0,0,0,0,0,0,0,0,0,0,0,0,0,0,0,0,0,0,0,0,0,0,0,0,0,0,0,0,0,0,0,0,2002,0,999,NULL,1,12000000,4922166,14.0,2.1
2246439,172558,"Collins, Mo",0,0,0,0,0,0,0,0,0,0,0,0,0,0,0,0,0,0,0,0,0,0,0,0,0,0,0,0,0,0,0,0,1996,0,999,NULL,7,200000,NULL,NULL,6.3
2249040,124,"Connelly, Jennifer",0,0,1,1,2,1,1,2,0,0,0,1,1,2,0,0,0,1,1,2,0,0,0,0,0,0,0,0,0,4,4,8,1984,2002,18,NULL,19,137000000,132122995,71.0,7.6
2250792,176882,"Cook, A.J.",0,0,0,0,0,0,0,0,0,0,0,0,0,0,0,0,0,0,0,0,0,0,0,0,0,0,0,0,0,0,0,0,2000,0,999,NULL,3,26000000,46455802,38.0,6.2
2251215,337,"Cook, Rachael Leigh",0,0,0,0,0,0,0,0,0,0,0,0,0,0,0,0,0,0,0,0,0,0,0,0,0,0,0,0,0,0,0,0,1995,0,999,NULL,8,7000000,NULL,65.0,7.2
2251647,177639,"Coolidge, Jennifer",0,0,0,0,0,0,0,0,0,0,0,0,0,0,0,0,0,0,0,0,0,0,0,0,0,0,0,0,0,0,0,0,1995,0,999,NULL,8,55000000,104565114,81.0,7.3
2255221,1508576,"Correia, Bete",0,0,0,0,0,0,0,0,0,0,0,0,0,0,0,0,0,0,0,0,0,0,0,0,0,0,0,0,0,0,0,0,2003,0,999,NULL,0,150000,NULL,NULL,5.9
2259488,184967,"Cox, Claire",0,0,0,0,0,0,0,0,0,0,0,0,0,0,0,0,0,0,0,0,0,0,0,0,0,0,0,0,0,0,0,0,2003,0,999,NULL,0,NULL,5791328,47.0,6.7
2263850,344,"Crosby, Denise",0,0,0,0,0,0,0,0,0,0,0,0,0,0,0,0,0,0,0,0,0,0,0,0,0,0,0,0,0,0,0,0,1979,0,999,NULL,24,1600000,NULL,NULL,5.4
2265552,4851,"Cruz, Penélope",0,0,0,1,1,0,0,0,0,0,0,0,0,0,0,0,0,0,0,0,0,0,0,0,0,0,0,0,0,0,1,1,1998,1994,-4,NULL,5,40000000,59588068,38.0,5.8
2268772,130,"Curtis, Jamie Lee",0,1,2,5,7,0,0,0,0,0,0,1,2,3,0,0,0,0,0,0,0,0,0,0,0,0,0,0,0,3,7,10,1978,1984,6,322330,25,26000000,110230332,70.0,6.1
2269045,193642,"Cusack, Catherine",0,0,0,0,0,0,0,0,0,0,0,0,0,0,0,0,0,0,0,0,0,0,0,0,0,0,0,0,0,0,0,0,2003,0,999,NULL,0,3000000,2598,46.0,6.5
2273272,197354,"Daily, Elizabeth",0,0,0,0,0,0,0,0,0,0,0,0,0,0,0,0,0,0,0,0,0,0,0,0,0,0,0,0,0,0,0,0,1978,0,999,NULL,25,25000000,39399750,38.0,5.5
2275729,132,"Danes, Claire",0,0,1,1,2,0,0,0,0,0,0,0,0,0,0,0,0,0,0,0,0,0,0,0,0,0,0,0,0,1,1,2,1994,1995,1,NULL,9,200000000,150350192,66.0,6.4
2276274,1382799,"Danielle, Juliette",0,0,0,0,0,0,0,0,0,0,0,0,0,0,0,0,0,0,0,0,0,0,0,0,0,0,0,0,0,0,0,0,2003,0,999,NULL,0,6000000,1900,NULL,3.5
2276462,6439,"Daniels, Erin",0,0,0,0,0,0,0,0,0,0,0,0,0,0,0,0,0,0,0,0,0,0,0,0,0,0,0,0,0,0,0,0,1999,0,999,NULL,4,7000000,12634962,31.0,6.0
2279299,202184,"Dattilo, Kristin",0,0,0,0,0,0,0,0,0,0,0,0,0,0,0,0,0,0,0,0,0,0,0,0,0,0,0,0,0,0,0,0,1990,0,999,NULL,13,60000000,35327628,71.0,6.3
2282820,1668783,"Davis, Rosemary",0,0,0,0,0,0,0,0,0,0,0,0,0,0,0,0,0,0,0,0,0,0,0,0,0,0,0,0,0,0,0,0,2003,0,999,NULL,0,218,590873,87.0,7.2
2283899,206257,"Dawson, Rosario",0,0,0,0,0,0,0,0,0,0,0,0,0,0,0,0,0,0,0,0,0,0,0,0,0,0,0,0,0,0,0,0,1995,0,999,NULL,8,85000000,47592825,73.0,7.3
2284312,1384666,"Day, Skyler",0,0,0,0,0,0,0,0,0,0,0,0,0,0,0,0,0,0,0,0,0,0,0,0,0,0,0,0,0,0,0,0,2003,0,999,NULL,0,3000000,NULL,NULL,5.3
2284792,1246238,"de Angelis, Valentina",0,0,0,0,0,0,0,0,0,0,0,0,0,0,0,0,0,0,0,0,0,0,0,0,0,0,0,0,0,0,0,0,2003,0,999,NULL,0,NULL,1310368,68.0,7.3
2287291,209289,"de la Huerta, Paz",0,0,0,0,0,0,0,0,0,0,0,0,0,0,0,0,0,0,0,0,0,0,0,0,0,0,0,0,0,0,0,0,1998,0,999,NULL,5,150000,NULL,NULL,5.7
2289599,5577,"de Rossi, Portia",0,0,0,0,0,0,0,0,0,0,0,0,0,0,0,0,0,0,0,0,0,0,0,0,0,0,0,0,0,0,0,0,1996,0,999,NULL,7,8000000,NULL,NULL,5.7
2290324,212046,"de Vasconcelos, Tasha",0,0,0,0,0,0,0,0,0,0,0,0,0,0,0,0,0,0,0,0,0,0,0,0,0,0,0,0,0,0,0,0,2003,0,999,NULL,0,35000000,27972410,51.0,6.9
2293491,1122,"DeGeneres, Ellen",0,0,0,3,3,0,0,0,0,0,0,0,0,0,0,0,0,0,0,0,0,0,0,0,0,0,0,0,0,0,3,3,1993,1995,2,NULL,10,94000000,41123892,90.0,8.2
2298225,1249791,"Demers, Monique",0,0,0,0,0,0,0,0,0,0,0,0,0,0,0,0,0,0,0,0,0,0,0,0,0,0,0,0,0,0,0,0,2003,0,999,NULL,0,1000000,NULL,NULL,4.4
2301359,221046,"Deschanel, Zooey",0,0,0,0,0,0,0,0,0,0,0,0,0,0,0,0,0,0,0,0,0,0,0,0,0,0,0,0,0,0,0,0,1999,0,999,NULL,4,33000000,173381405,71.0,7.0
2306121,139,"Diaz, Cameron",0,0,0,4,4,0,0,0,0,0,0,0,1,1,0,0,0,0,1,1,0,0,0,0,0,0,0,0,0,0,6,6,1994,1999,5,NULL,9,120000000,100685880,48.0,4.8
2316956,1953342,"Dorn, Franchelle S.",0,0,0,0,0,0,0,0,0,0,0,0,0,0,0,0,0,0,0,0,0,0,0,0,0,0,0,0,0,0,0,0,2003,0,999,NULL,0,3000000,42516,61.0,5.1
2322424,238914,"du Page, Julie",0,0,0,0,0,0,0,0,0,0,0,0,0,0,0,0,0,0,0,0,0,0,0,0,0,0,0,0,0,0,0,0,2003,0,999,NULL,0,30000000,34604054,36.0,5.7
2324108,240381,"Duff, Hilary",0,0,0,0,0,0,0,0,0,0,0,0,0,0,0,0,0,0,0,0,0,0,0,0,0,0,0,0,0,0,0,0,1998,0,999,NULL,5,40000000,138614544,56.0,5.8
2325905,242026,"Duncan, Lindsay",0,0,0,0,0,0,0,0,0,0,0,0,0,0,0,0,0,0,0,0,0,0,0,0,0,0,0,0,0,0,0,0,1989,0,999,NULL,14,18000000,43610723,52.0,6.7
2326987,379,"Dunst, Kirsten",0,0,0,1,1,0,0,0,0,0,0,0,0,0,0,0,0,0,0,0,0,0,0,0,0,0,0,0,0,0,1,1,1989,1995,6,NULL,14,65000000,63695760,45.0,6.5
2328543,244630,"Dushku, Eliza",0,0,0,0,0,0,0,0,0,0,0,0,0,0,0,0,0,0,0,0,0,0,0,0,0,0,0,0,0,0,0,0,1993,0,999,NULL,10,12600000,15417771,32.0,6.1
2330308,1232226,"Dziena, Alexis",0,0,0,0,0,0,0,0,0,0,0,0,0,0,0,0,0,0,0,0,0,0,0,0,0,0,0,0,0,0,0,0,2003,0,999,NULL,0,5000000,1056102,43.0,6.6
2337972,143,"Eleniak, Erika",0,0,0,0,0,0,0,0,0,0,0,0,0,0,0,0,0,0,0,0,0,0,0,0,0,0,0,0,0,0,0,0,1982,0,999,NULL,21,750000,NULL,NULL,3.7
2338077,1184,"Elfman, Jenna",0,0,1,3,4,0,0,0,0,0,0,0,0,0,0,0,0,0,0,0,0,0,0,0,0,0,0,0,0,1,3,4,1997,1998,1,NULL,6,80000000,20991364,64.0,5.8
2339554,254362,"Elliott, Alison",0,0,0,0,0,0,0,0,0,0,0,0,0,0,0,0,0,0,0,0,0,0,0,0,0,0,0,0,0,0,0,0,1991,0,999,NULL,12,NULL,164520,57.0,7.1
2342699,256988,"Eng, Marny",0,0,0,0,0,0,0,0,0,0,0,0,0,0,0,0,0,0,0,0,0,0,0,0,0,0,0,0,0,0,0,0,2003,0,999,NULL,0,48000000,110003217,49.0,5.4
2346723,260549,"Eser, Janine",0,0,0,0,0,0,0,0,0,0,0,0,0,0,0,0,0,0,0,0,0,0,0,0,0,0,0,0,0,0,0,0,2003,0,999,NULL,0,7000000,NULL,NULL,5.1
2347805,1169742,"Essell, Eileen",0,0,0,0,0,0,0,0,0,0,0,0,0,0,0,0,0,0,0,0,0,0,0,0,0,0,0,0,0,0,0,0,2003,0,999,NULL,0,40000000,9652000,50.0,5.8
2350438,1230700,"Evans, Tracy Ann",0,0,0,0,0,0,0,0,0,0,0,0,0,0,0,0,0,0,0,0,0,0,0,0,0,0,0,0,0,0,0,0,1996,0,999,NULL,7,500000,1111615,NULL,5.8
2353101,NULL,"Fairbanks, Michelle",0,0,0,0,0,0,0,0,0,0,0,0,0,0,0,0,0,0,0,0,0,0,0,0,0,0,0,0,0,0,0,0,1998,0,999,NULL,5,130000,NULL,NULL,NULL
2354781,266824,"Fanning, Dakota",0,0,0,0,0,0,0,0,0,0,0,0,0,0,0,0,0,0,0,0,0,0,0,0,0,0,0,0,0,0,0,0,2001,0,999,NULL,2,109000000,100446895,33.0,6.0
2358750,270332,"Feeney, Caroleen",0,0,0,0,0,0,0,0,0,0,0,0,0,0,0,0,0,0,0,0,0,0,0,0,0,0,0,0,0,0,0,0,1993,0,999,NULL,10,1625000,NULL,40.0,6.7
2364932,1210,"Field, Chelsea",0,0,0,0,0,0,0,0,0,0,0,0,0,0,0,0,0,0,0,0,0,0,0,0,0,0,0,0,0,0,0,0,1985,0,999,NULL,18,22000000,NULL,NULL,6.7
2365028,398,"Field, Sally",0,0,2,8,10,2,2,4,0,0,0,0,1,1,0,0,0,0,0,0,0,0,0,0,0,0,0,0,0,4,11,15,1962,1978,16,NULL,41,45000000,89808372,47.0,4.5
2368612,402,"Fisher, Carrie",0,0,0,0,0,0,0,0,0,0,0,0,0,0,0,0,0,0,0,0,0,0,0,0,0,0,0,0,0,0,0,0,1975,0,999,NULL,28,120000000,100685880,48.0,6.6
2368683,4920,"Fisher, Frances",0,0,0,0,0,0,0,0,0,0,0,0,0,0,0,0,0,0,0,0,0,0,0,0,0,0,0,0,0,0,0,0,1983,0,999,NULL,20,15000000,13005485,71.0,7.6
2374278,403,"Fonda, Bridget",0,0,0,2,2,0,0,0,0,0,0,0,0,0,0,0,0,0,0,0,0,0,0,0,0,0,0,0,0,0,2,2,1969,1990,21,NULL,34,17000000,NULL,NULL,5.6
2376233,1231,"Forlani, Claire",0,0,0,0,0,0,0,0,0,0,0,0,0,0,0,0,0,0,0,0,0,0,0,0,0,0,0,0,0,0,0,0,1994,0,999,NULL,9,41000000,22108977,64.0,6.4
2379534,407,"Fox, Vivica A.",0,0,0,0,0,0,0,0,0,0,0,0,0,0,0,0,0,0,0,0,0,0,0,0,0,0,0,0,0,0,0,0,1989,0,999,NULL,14,30000000,70099045,69.0,8.2
2384137,1518499,"Freid, Danielle",0,0,0,0,0,0,0,0,0,0,0,0,0,0,0,0,0,0,0,0,0,0,0,0,0,0,0,0,0,0,0,0,2003,0,999,NULL,0,150000,NULL,NULL,7.3
2385256,2084,"Fricker, Brenda",0,0,0,1,1,1,1,2,0,0,0,0,0,0,0,0,0,0,0,0,0,0,0,0,0,0,0,0,0,1,2,3,1992,1990,-2,NULL,11,17000000,1571504,55.0,6.9
2385526,1363479,"Friedman, Elaine",0,0,0,0,0,0,0,0,0,0,0,0,0,0,0,0,0,0,0,0,0,0,0,0,0,0,0,0,0,0,0,0,2003,0,999,NULL,0,NULL,3117985,90.0,7.9
2386027,NULL,"Frilot, Nicole",0,0,0,0,0,0,0,0,0,0,0,0,0,0,0,0,0,0,0,0,0,0,0,0,0,0,0,0,0,0,0,0,2003,0,999,NULL,0,8000000,3713002,34.0,2.7
2386028,NULL,"Frilot, Roxanne",0,0,0,0,0,0,0,0,0,0,0,0,0,0,0,0,0,0,0,0,0,0,0,0,0,0,0,0,0,0,0,0,2003,0,999,NULL,0,8000000,3713002,34.0,2.7
2391703,300589,"Gadon, Sarah",0,0,0,0,0,0,0,0,0,0,0,0,0,0,0,0,0,0,0,0,0,0,0,0,0,0,0,0,0,0,0,0,2003,0,999,NULL,0,4500000,NULL,NULL,5.6
2397977,305519,"Garcés, Paula",0,0,0,0,0,0,0,0,0,0,0,0,0,0,0,0,0,0,0,0,0,0,0,0,0,0,0,0,0,0,0,0,1991,0,999,NULL,12,20000000,5739376,81.0,7.7
2399939,4950,"Garner, Jennifer",0,1,1,2,3,0,0,0,0,0,0,0,0,0,0,0,0,0,0,0,0,0,0,0,0,0,0,0,0,1,2,3,1997,2002,5,285333,6,78000000,102543518,42.0,5.4
2401641,1683202,"Gass, Kristen",0,0,0,0,0,0,0,0,0,0,0,0,0,0,0,0,0,0,0,0,0,0,0,0,0,0,0,0,0,0,0,0,2003,0,999,NULL,0,1000000,NULL,NULL,5.7
2428175,1287,"Graham, Heather",0,0,0,0,0,0,0,0,0,0,0,0,0,0,0,0,0,0,0,0,0,0,0,0,0,0,0,0,0,0,0,0,1984,0,999,NULL,19,75000000,133756285,52.0,6.2
2428299,334179,"Graham, Lauren",0,0,0,1,1,0,0,0,0,0,0,0,0,0,0,0,0,0,0,0,0,0,0,0,0,0,0,0,0,0,1,1,1998,2002,4,NULL,5,18000000,60057639,70.0,7.2
2430305,336125,"Grauer, Ona",0,0,0,0,0,0,0,0,0,0,0,0,0,0,0,0,0,0,0,0,0,0,0,0,0,0,0,0,0,0,0,0,2000,0,999,NULL,3,17000000,42672630,56.0,5.2
2430900,336693,"Gray, Jacque",0,0,0,0,0,0,0,0,0,0,0,0,0,0,0,0,0,0,0,0,0,0,0,0,0,0,0,0,0,0,0,0,1998,0,999,NULL,5,2000000,1672730,NULL,3.2
2433641,339460,"Greer, Judy",0,0,0,0,0,0,0,0,0,0,0,0,0,0,0,0,0,0,0,0,0,0,0,0,0,0,0,0,0,0,0,0,1998,0,999,NULL,5,1000000,19539,41.0,6.3
2437696,343444,"Gross, Mary",0,0,0,0,0,0,0,0,0,0,0,0,0,0,0,0,0,0,0,0,0,0,0,0,0,0,0,0,0,0,0,0,1986,0,999,NULL,17,NULL,17508936,81.0,7.3
2441031,1303,"Gugino, Carla",0,0,0,0,0,0,0,0,0,0,0,0,0,0,0,0,0,0,0,0,0,0,0,0,0,0,0,0,0,0,0,0,1989,0,999,NULL,14,39000000,111760631,57.0,5.7
2445471,350454,"Gyllenhaal, Maggie",0,0,0,1,1,0,0,0,0,0,0,0,0,0,0,0,0,0,0,0,0,0,0,0,0,0,0,0,0,0,1,1,1993,2003,10,NULL,10,65000000,63695760,55.0,6.5
2449325,1063517,"Hahn, Kathryn",0,0,0,0,0,0,0,0,0,0,0,0,0,0,0,0,0,0,0,0,0,0,0,0,0,0,0,0,0,0,0,0,1999,0,999,NULL,4,50000000,105807520,45.0,6.3
2451737,356021,"Hall, Regina",0,0,0,0,0,0,0,0,0,0,0,0,0,0,0,0,0,0,0,0,0,0,0,0,0,0,0,0,0,0,0,0,1999,0,999,NULL,4,48000000,110003217,49.0,5.4
2456411,435,"Hannah, Daryl",0,0,0,0,0,0,0,0,0,0,0,0,0,0,0,0,0,0,0,0,0,0,0,0,0,0,0,0,0,0,0,0,1978,0,999,NULL,25,30000000,70099045,69.0,8.2
2456584,4989,"Hannigan, Alyson",0,0,0,0,0,0,0,0,0,0,0,0,0,0,0,0,0,0,0,0,0,0,0,0,0,0,0,0,0,0,0,0,1985,0,999,NULL,18,55000000,104565114,43.0,6.3
2459902,4990,"Harmon, Angie",0,0,0,0,0,0,0,0,0,0,0,0,0,0,0,0,0,0,0,0,0,0,0,0,0,0,0,0,0,0,0,0,2000,0,999,NULL,3,26000000,47811138,41.0,5.0
2460786,5009,"Harring, Laura",0,0,0,0,0,0,0,0,0,0,0,0,0,0,0,0,0,0,0,0,0,0,0,0,0,0,0,0,0,0,0,0,1990,0,999,NULL,13,22000000,6852144,61.0,6.1
2461785,4995,"Harris, Mel",0,0,0,1,1,0,0,0,0,0,0,0,0,0,0,0,0,0,0,0,0,0,0,0,0,0,0,0,0,0,1,1,1987,1990,3,NULL,16,2000000,145325,NULL,4.9
2468543,161,"Hayek, Salma",0,0,0,1,1,0,1,1,0,0,0,0,1,1,0,0,0,0,2,2,0,0,0,0,0,0,0,0,0,0,5,5,1994,2002,8,NULL,9,39000000,111760631,57.0,6.4
2472025,1337,"Heigl, Katherine",0,0,0,0,0,0,0,0,0,0,0,0,0,0,0,0,0,0,0,0,0,0,0,0,0,0,0,0,0,0,0,0,1993,0,999,NULL,10,650000,NULL,NULL,4.5
2479868,1347,"Hershey, Barbara",0,0,1,3,4,0,1,1,0,0,0,0,1,1,0,0,0,0,0,0,0,0,0,0,0,0,0,0,0,1,5,6,1968,1987,19,NULL,35,6000000,NULL,65.0,7.2
2480301,4349,"Heskin, Kam",0,0,0,0,0,0,0,0,0,0,0,0,0,0,0,0,0,0,0,0,0,0,0,0,0,0,0,0,0,0,0,0,1996,0,999,NULL,7,NULL,373942,NULL,5.4
2480859,5010,"Heuring, Lori",0,0,0,0,0,0,0,0,0,0,0,0,0,0,0,0,0,0,0,0,0,0,0,0,0,0,0,0,0,0,0,0,1994,0,999,NULL,9,75000000,133756285,61.0,7.1
2489939,5016,"Holden, Alexandra",0,0,0,0,0,0,0,0,0,0,0,0,0,0,0,0,0,0,0,0,0,0,0,0,0,0,0,0,0,0,0,0,1997,0,999,NULL,6,16000000,14108518,45.0,5.6
2491850,5017,"Holmes, Katie",0,0,0,0,0,0,0,0,0,0,0,0,0,0,0,0,0,0,0,0,0,0,0,0,0,0,0,0,0,0,0,0,1997,0,999,NULL,6,13000000,46566212,70.0,7.1
2496511,1274021,"Hoskins, Jen",0,0,0,0,0,0,0,0,0,0,0,0,0,0,0,0,0,0,0,0,0,0,0,0,0,0,0,0,0,0,0,0,2003,0,999,NULL,0,103000,NULL,NULL,4.9
2499844,5026,"Hu, Kelly",0,0,0,0,0,0,0,0,0,0,0,0,0,0,0,0,0,0,0,0,0,0,0,0,0,0,0,0,0,0,0,0,1989,0,999,NULL,14,110000000,214948780,36.0,5.7
2500782,1227814,"Hudgens, Vanessa",0,0,0,0,0,0,0,0,0,0,0,0,0,0,0,0,0,0,0,0,0,0,0,0,0,0,0,0,0,0,0,0,2003,0,999,NULL,0,1500000,4599680,70.0,6.9
2500980,5028,"Hudson, Kate",0,0,1,1,2,0,1,1,0,0,0,0,1,1,0,0,0,0,1,1,0,0,0,0,0,0,0,0,0,1,4,5,1999,2001,2,NULL,4,50000000,105807520,51.0,6.3
2503689,1372,"Hunt, Bonnie",0,1,0,1,1,0,0,0,0,0,0,0,0,0,0,0,0,0,0,0,0,0,0,0,0,0,0,0,0,0,1,1,1988,2003,15,320053,15,40000000,138614544,46.0,5.8
2504267,456,"Hunter, Holly",0,1,1,5,6,1,3,4,0,0,0,1,2,3,0,0,0,0,0,0,0,0,0,0,0,0,0,0,0,3,10,13,1981,1988,7,328538,22,7500000,4599680,70.0,6.9
2504822,1248393,"Hurd-Wood, Rachel",0,0,0,0,0,0,0,0,0,0,0,0,0,0,0,0,0,0,0,0,0,0,0,0,0,0,0,0,0,0,0,0,2003,0,999,NULL,0,100000000,48417850,64.0,6.9
2523442,5049,"Janney, Allison",0,1,0,3,3,0,0,0,0,0,0,0,0,0,0,0,0,0,0,0,0,0,0,0,0,0,0,0,0,0,3,3,1989,2001,12,200276,14,94000000,41123892,90.0,8.2
2532077,424060,"Johansson, Scarlett",0,1,0,0,0,0,0,0,0,0,0,0,0,0,0,0,0,0,0,0,0,0,0,0,0,0,0,0,0,0,0,0,1994,0,999,335119,9,4000000,44566004,89.0,7.8
2534599,426041,"Johnson, Rebekah",0,0,0,0,0,0,0,0,0,0,0,0,0,0,0,0,0,0,0,0,0,0,0,0,0,0,0,0,0,0,0,0,1997,0,999,NULL,6,850000,819939,45.0,7.3
2535817,1401,"Jolie, Angelina",0,0,3,3,6,0,0,0,0,0,0,0,0,0,0,0,0,1,1,2,0,0,0,0,0,0,0,0,0,4,4,8,1982,1998,16,NULL,21,95000000,65660196,43.0,6.4
2536740,427801,"Jones, Constance",0,0,0,0,0,0,0,0,0,0,0,0,0,0,0,0,0,0,0,0,0,0,0,0,0,0,0,0,0,0,0,0,2003,0,999,NULL,0,50000000,19593740,31.0,7.5
2537977,NULL,"Jones, Maria",0,0,0,0,0,0,0,0,0,0,0,0,0,0,0,0,0,0,0,0,0,0,0,0,0,0,0,0,0,0,0,0,2003,0,999,NULL,0,130000,NULL,NULL,NULL
2541143,170,"Jovovich, Milla",0,0,0,0,0,0,0,0,0,0,0,0,0,0,0,0,0,0,0,0,0,0,0,0,0,0,0,0,0,0,0,0,1988,0,999,NULL,15,12000000,181600,NULL,5.6
2541872,1518583,"Jubett, Joan",0,0,0,0,0,0,0,0,0,0,0,0,0,0,0,0,0,0,0,0,0,0,0,0,0,0,0,0,0,0,0,0,2003,0,999,NULL,0,150000,NULL,NULL,7.3
2542170,432013,"Juergensen, Heather",0,0,0,0,0,0,0,0,0,0,0,0,0,0,0,0,0,0,0,0,0,0,0,0,0,0,0,0,0,0,0,0,2001,0,999,NULL,2,90000000,75817994,34.0,6.6
2558753,473,"Keaton, Diane",1,1,1,8,9,1,3,4,0,0,0,1,3,4,0,0,0,0,1,1,0,0,0,0,0,0,0,0,0,3,15,18,1970,1978,8,337741,33,NULL,124590960,66.0,6.8
2559275,444621,"Keena, Monica",0,0,0,0,0,0,0,0,0,0,0,0,0,0,0,0,0,0,0,0,0,0,0,0,0,0,0,0,0,0,0,0,1995,0,999,NULL,8,25000000,82163317,37.0,5.8
2564033,475,"Kensit, Patsy",0,0,0,0,0,0,0,0,0,0,0,0,0,0,0,0,0,0,0,0,0,0,0,0,0,0,0,0,0,0,0,0,1974,0,999,NULL,29,5000000,NULL,NULL,3.9
2568200,173,"Kidman, Nicole",0,1,3,5,8,1,2,3,0,0,0,1,3,4,0,0,0,1,3,4,0,0,0,0,0,0,0,0,0,6,13,19,1990,1992,2,159365,13,79000000,95632614,73.0,7.2
2571616,454598,"King, Cleo",0,0,0,0,0,0,0,0,0,0,0,0,0,0,0,0,0,0,0,0,0,0,0,0,0,0,0,0,0,0,0,0,1993,0,999,NULL,10,50000000,35764982,31.0,7.5
2571822,454809,"King, Jaime",0,0,0,0,0,0,0,0,0,0,0,0,0,0,0,0,0,0,0,0,0,0,0,0,0,0,0,0,0,0,0,0,2001,0,999,NULL,2,52000000,23020488,40.0,5.4
2572293,5093,"King, Regina",0,0,0,0,0,0,0,0,0,0,0,0,0,0,0,0,0,0,0,0,0,0,0,0,0,0,0,0,0,0,0,0,1991,0,999,NULL,12,60000000,104148781,66.0,8.0
2579304,461136,"Knightley, Keira",0,0,0,0,0,0,0,0,0,0,0,0,0,0,0,0,0,0,0,0,0,0,0,0,0,0,0,0,0,0,0,0,1999,0,999,NULL,4,140000000,305413918,66.0,8.1
2579634,461458,"Knotts, Jodi",0,0,0,0,0,0,0,0,0,0,0,0,0,0,0,0,0,0,0,0,0,0,0,0,0,0,0,0,0,0,0,0,1994,0,999,NULL,9,1345762,NULL,NULL,8.0
2589625,5105,"Krakowski, Jane",0,0,0,1,1,0,0,0,0,0,0,0,0,0,0,0,0,0,0,0,0,0,0,0,0,0,0,0,0,0,1,1,1983,1999,16,NULL,20,20000000,1646664,20.0,5.9
2593118,1208167,"Kruger, Diane",0,0,0,0,0,0,0,0,0,0,0,0,0,0,0,0,0,0,0,0,0,0,0,0,0,0,0,0,0,0,0,0,2003,0,999,NULL,0,10000000,NULL,NULL,4.5
2594543,1435,"Kudrow, Lisa",0,0,0,1,1,0,0,0,0,0,0,0,0,0,0,0,0,0,0,0,0,0,0,0,0,0,0,0,0,0,1,1,1989,1996,7,NULL,14,20000000,1646664,43.0,6.6
2600841,1375560,"Laasch, Marcella",0,0,0,0,0,0,0,0,0,0,0,0,0,0,0,0,0,0,0,0,0,0,0,0,0,0,0,0,0,0,0,0,2003,0,999,NULL,0,150000,NULL,NULL,NULL
2602156,480465,"Ladd, Jordan",0,0,0,0,0,0,0,0,0,0,0,0,0,0,0,0,0,0,0,0,0,0,0,0,0,0,0,0,0,0,0,0,1995,0,999,NULL,8,1500000,21156247,56.0,5.6
2607805,178,"Lane, Diane",0,1,0,1,1,0,1,1,0,0,0,0,0,0,0,0,0,0,1,1,0,0,0,0,0,0,0,0,0,0,3,3,1979,2003,24,328589,24,18000000,43610723,52.0,6.7
2608737,1448,"Lange, Jessica",0,1,3,8,11,2,6,8,0,0,0,0,1,1,0,0,0,0,0,0,0,0,0,0,0,0,0,0,0,5,15,20,1976,1983,7,338290,27,70000000,66257002,58.0,8.0
2612217,5123,"Larter, Ali",0,0,0,0,0,0,0,0,0,0,0,0,0,0,0,0,0,0,0,0,0,0,0,0,0,0,0,0,0,0,0,0,1999,0,999,NULL,4,26000000,46455802,38.0,6.2
2612786,489837,"Lasser, Louise",0,0,0,0,0,0,0,0,0,0,0,0,0,0,0,0,0,0,0,0,0,0,0,0,0,0,0,0,0,0,0,0,1965,0,999,NULL,38,NULL,527000,NULL,NULL
2613108,5125,"Lathan, Sanaa",0,0,0,0,0,0,0,0,0,0,0,0,0,0,0,0,0,0,0,0,0,0,0,0,0,0,0,0,0,0,0,0,1998,0,999,NULL,5,50000000,40905277,63.0,6.5
2613166,1451,"Latifah, Queen",0,0,0,1,1,0,1,1,0,0,0,0,1,1,0,0,0,0,0,0,0,0,0,0,0,0,0,0,0,0,3,3,1991,2003,12,NULL,12,48000000,132541238,49.0,5.5
2619518,1668821,"Leblanc, Renee",0,0,0,0,0,0,0,0,0,0,0,0,0,0,0,0,0,0,0,0,0,0,0,0,0,0,0,0,0,0,0,0,2003,0,999,NULL,0,218,590873,87.0,7.2
2623918,498713,"Leerhsen, Erica",0,0,0,0,0,0,0,0,0,0,0,0,0,0,0,0,0,0,0,0,0,0,0,0,0,0,0,0,0,0,0,0,2000,0,999,NULL,3,18000000,80148261,43.0,6.4
2625614,492,"Leigh, Jennifer Jason",0,0,0,1,1,0,0,0,0,0,0,0,0,0,0,0,0,0,0,0,0,0,0,0,0,0,0,0,0,0,1,1,1981,1995,14,NULL,22,12000000,4717455,46.0,5.3
2628920,495,"Leoni, Téa",0,0,0,0,0,0,0,0,0,0,0,0,0,0,0,0,0,0,0,0,0,0,0,0,0,0,0,0,0,0,0,0,1991,0,999,NULL,12,NULL,121972,53.0,5.5
2633023,496,"Lewis, Juliette",0,0,0,0,0,0,0,0,0,0,0,0,0,0,0,0,0,0,0,0,0,0,0,0,0,0,0,0,0,0,0,0,1988,0,999,NULL,15,24000000,74608545,54.0,7.2
2639864,499,"Ling, Bai",0,0,0,0,0,0,0,0,0,0,0,0,0,0,0,0,0,0,0,0,0,0,0,0,0,0,0,0,0,0,0,0,1992,0,999,NULL,11,2000000,NULL,NULL,4.3
2642494,5154,"Liu, Lucy",0,0,0,0,0,0,0,0,0,0,0,0,0,0,0,0,0,0,0,0,0,0,0,0,0,0,0,0,0,0,0,0,1996,0,999,NULL,7,120000000,100685880,69.0,8.2
2645967,517820,"Lohan, Lindsay",0,0,0,0,0,0,0,0,0,0,0,0,0,0,0,0,0,0,0,0,0,0,0,0,0,0,0,0,0,0,0,0,1998,0,999,NULL,5,26000000,110230332,70.0,6.1
2646003,517844,"Lohman, Alison",0,0,0,0,0,0,0,0,0,0,0,0,0,0,0,0,0,0,0,0,0,0,0,0,0,0,0,0,0,0,0,0,1998,0,999,NULL,5,70000000,66257002,61.0,8.0
2646293,518085,"Loken, Kristanna",0,0,0,0,0,0,0,0,0,0,0,0,0,0,0,0,0,0,0,0,0,0,0,0,0,0,0,0,0,0,0,0,1997,0,999,NULL,6,200000000,150350192,66.0,6.4
2647322,1436352,"Long, Demetress",0,0,0,0,0,0,0,0,0,0,0,0,0,0,0,0,0,0,0,0,0,0,0,0,0,0,0,0,0,0,0,0,2003,0,999,NULL,0,15000000,30238577,53.0,5.5
2672592,539208,"Maldonado, Donna",0,0,0,0,0,0,0,0,0,0,0,0,0,0,0,0,0,0,0,0,0,0,0,0,0,0,0,0,0,0,0,0,2003,0,999,NULL,0,800000,2073984,83.0,7.2
2674071,540441,"Malone, Jena",0,0,0,1,1,0,0,0,0,0,0,0,0,0,0,0,0,0,0,0,0,0,0,0,0,0,0,0,0,0,1,1,1996,1998,2,NULL,7,79000000,95632614,73.0,7.2
2677494,1120734,"Manning, Silvia Mathis",0,0,0,0,0,0,0,0,0,0,0,0,0,0,0,0,0,0,0,0,0,0,0,0,0,0,0,0,0,0,0,0,1985,0,999,NULL,18,3000000,42516,61.0,5.1
2684153,973476,"Markel, Tarri",0,0,0,0,0,0,0,0,0,0,0,0,0,0,0,0,0,0,0,0,0,0,0,0,0,0,0,0,0,0,0,0,2000,0,999,NULL,3,500000,NULL,NULL,2.6
2690232,553612,"Martinez, Lizzie Curry",0,0,0,0,0,0,0,0,0,0,0,0,0,0,0,0,0,0,0,0,0,0,0,0,0,0,0,0,0,0,0,0,1996,0,999,NULL,7,NULL,475940,55.0,6.5
2690511,553737,"Martinez, Vanessa",0,0,0,0,0,0,0,0,0,0,0,0,0,0,0,0,0,0,0,0,0,0,0,0,0,0,0,0,0,0,0,0,1996,0,999,NULL,7,NULL,475940,55.0,6.5
2701676,529,"Mazar, Debi",0,0,0,0,0,0,0,0,0,0,0,0,0,0,0,0,0,0,0,0,0,0,0,0,0,0,0,0,0,0,0,0,1990,0,999,NULL,13,7000000,NULL,NULL,5.0
2703859,189,"McCarthy, Jenny",0,0,0,0,0,0,0,0,0,0,0,0,0,0,0,0,0,0,0,0,0,0,0,0,0,0,0,0,0,0,0,0,1995,0,999,NULL,8,48000000,110003217,49.0,5.4
2705295,5203,"McCormack, Mary",0,0,0,0,0,0,0,0,0,0,0,0,0,0,0,0,0,0,0,0,0,0,0,0,0,0,0,0,0,0,0,0,1994,0,999,NULL,9,17000000,22734486,36.0,5.6
2707144,531,"McDormand, Frances",0,0,0,2,2,1,3,4,0,0,0,0,2,2,0,0,0,2,2,4,0,0,0,0,0,0,0,0,0,3,9,12,1984,1989,5,NULL,19,NULL,124590960,66.0,6.8
2707383,1523,"McElhone, Natascha",0,0,0,0,0,0,0,0,0,0,0,0,0,0,0,0,0,0,0,0,0,0,0,0,0,0,0,0,0,0,0,0,1996,0,999,NULL,7,25000000,3663356,61.0,6.5
2716070,1015262,"Meester, Leighton",0,0,0,0,0,0,0,0,0,0,0,0,0,0,0,0,0,0,0,0,0,0,0,0,0,0,0,0,0,0,0,0,2003,0,999,NULL,0,2000000,145325,NULL,4.9
2719428,578949,"Mendes, Eva",0,0,0,0,0,0,0,0,0,0,0,0,0,0,0,0,0,0,0,0,0,0,0,0,0,0,0,0,0,0,0,0,1998,0,999,NULL,5,76000000,127154901,63.0,6.5
2722076,580924,"Merkerson, S. Epatha",0,0,0,0,0,0,0,0,0,0,0,0,0,0,0,0,0,0,0,0,0,0,0,0,0,0,0,0,0,0,0,0,1986,0,999,NULL,17,35000000,52277485,38.0,6.9
2724371,539,"Meyer, Dina",0,0,0,0,0,0,0,0,0,0,0,0,0,0,0,0,0,0,0,0,0,0,0,0,0,0,0,0,0,0,0,0,1995,0,999,NULL,8,475000,NULL,NULL,6.5
2726271,5230,"Michele, Michael",0,0,0,0,0,0,0,0,0,0,0,0,0,0,0,0,0,0,0,0,0,0,0,0,0,0,0,0,0,0,0,0,1990,0,999,NULL,13,50000000,105807520,57.0,6.6
2735521,545,"Mirren, Helen",0,1,1,4,5,0,2,2,0,0,0,0,0,0,0,0,0,0,0,0,0,0,0,0,0,0,0,0,0,1,6,7,1969,1995,26,337909,34,10000000,31011616,60.0,6.9
2737094,593664,"Mitchell, Radha",0,0,0,0,0,0,0,0,0,0,0,0,0,0,0,0,0,0,0,0,0,0,0,0,0,0,0,0,0,0,0,0,1998,0,999,NULL,5,13000000,46566212,56.0,7.1
2740679,1543,"Mol, Gretchen",0,0,0,0,0,0,0,0,0,0,0,0,0,0,0,0,0,0,0,0,0,0,0,0,0,0,0,0,0,0,0,0,1996,0,999,NULL,7,4000000,732241,59.0,6.8
2740797,596492,"Moldowan, Brittany",0,0,0,0,0,0,0,0,0,0,0,0,0,0,0,0,0,0,0,0,0,0,0,0,0,0,0,0,0,0,0,0,2001,0,999,NULL,2,17000000,37566230,49.0,5.1
2747438,601553,"Moore, Mandy",0,0,0,0,0,0,0,0,0,0,0,0,0,0,0,0,0,0,0,0,0,0,0,0,0,0,0,0,0,0,0,0,1996,0,999,NULL,7,16000000,14108518,45.0,5.6
2747564,974150,"Moore, Melody",0,0,0,0,0,0,0,0,0,0,0,0,0,0,0,0,0,0,0,0,0,0,0,0,0,0,0,0,0,0,0,0,2003,0,999,NULL,0,1200000,58936,49.0,6.1
2757777,5256,"Moynahan, Bridget",0,0,0,0,0,0,0,0,0,0,0,0,0,0,0,0,0,0,0,0,0,0,0,0,0,0,0,0,0,0,0,0,1999,0,999,NULL,4,NULL,52802140,56.0,6.6
2762062,5261,"Murphy, Brittany",0,0,0,0,0,0,0,0,0,0,0,0,0,0,0,0,0,0,0,0,0,0,0,0,0,0,0,0,0,0,0,0,1993,0,999,NULL,10,18000000,56127162,49.0,6.0
2768559,619406,"Nagra, Parminder",0,0,0,0,0,0,0,0,0,0,0,0,0,0,0,0,0,0,0,0,0,0,0,0,0,0,0,0,0,0,0,0,2003,0,999,NULL,0,NULL,32543449,66.0,6.7
2768812,1491202,"Nahon, Carly",0,0,0,0,0,0,0,0,0,0,0,0,0,0,0,0,0,0,0,0,0,0,0,0,0,0,0,0,0,0,0,0,2003,0,999,NULL,0,20000000,16248701,70.0,7.7
2775153,1477394,"Nega, Allison",0,0,0,0,0,0,0,0,0,0,0,0,0,0,0,0,0,0,0,0,0,0,0,0,0,0,0,0,0,0,0,0,2003,0,999,NULL,0,12000000,4717455,46.0,5.3
2777450,1239836,"Nesby, Ann",0,0,0,0,0,0,0,0,0,0,0,0,0,0,0,0,0,0,0,0,0,0,0,0,0,0,0,0,0,0,0,0,2003,0,999,NULL,0,15000000,30238577,53.0,5.5
2782917,1567,"Nielsen, Connie",0,0,0,0,0,0,0,0,0,0,0,0,0,0,0,0,0,0,0,0,0,0,0,0,0,0,0,0,0,0,0,0,1997,0,999,NULL,6,55000000,34238611,40.0,6.5
2794549,640323,"O'Connor, Frances",0,0,0,1,1,0,0,0,0,0,0,0,0,0,0,0,0,0,0,0,0,0,0,0,0,0,0,0,0,0,1,1,2000,2001,1,NULL,3,80000000,19480739,28.0,5.6
2799899,644897,"Oh, Sandra",0,0,0,0,0,0,0,0,0,0,0,0,0,0,0,0,0,0,0,0,0,0,0,0,0,0,0,0,0,0,0,0,1997,0,999,NULL,6,18000000,43610723,52.0,6.7
2802184,565,"Olin, Lena",0,0,0,1,1,0,1,1,0,0,0,0,1,1,0,0,0,0,0,0,0,0,0,0,0,0,0,0,0,0,3,3,1988,1989,1,NULL,15,75000000,30013346,47.0,7.2
2810270,1584,"Otto, Miranda",0,0,0,0,0,0,0,0,0,0,0,0,0,0,0,0,0,0,0,0,0,0,0,0,0,0,0,0,0,0,0,0,1998,0,999,NULL,5,94000000,377845905,94.0,8.9
2816943,569,"Paltrow, Gwyneth",0,0,1,1,2,1,1,2,0,0,0,0,1,1,0,0,0,0,0,0,0,0,0,0,0,0,0,0,0,2,3,5,1991,1999,8,NULL,12,30000000,15589458,27.0,5.1
2820898,661755,"Parisse, Annie",0,0,0,0,0,0,0,0,0,0,0,0,0,0,0,0,0,0,0,0,0,0,0,0,0,0,0,0,0,0,0,0,1999,0,999,NULL,4,50000000,105807520,45.0,6.3
2827741,5299,"Paulson, Sarah",0,0,0,0,0,0,0,0,0,0,0,0,0,0,0,0,0,0,0,0,0,0,0,0,0,0,0,0,0,0,0,0,1997,0,999,NULL,6,NULL,20298207,52.0,6.3
2830564,669826,"Pedde, Eileen",0,0,0,0,0,0,0,0,0,0,0,0,0,0,0,0,0,0,0,0,0,0,0,0,0,0,0,0,0,0,0,0,1998,0,999,NULL,5,60000000,82163317,48.0,6.2
2830875,1119283,"Pedraza, Luciana",0,0,0,0,0,0,0,0,0,0,0,0,0,0,0,0,0,0,0,0,0,0,0,0,0,0,0,0,0,0,0,0,2003,0,999,NULL,0,NULL,970185,51.0,5.8
2831170,1605,"Peet, Amanda",0,0,0,0,0,0,0,0,0,0,0,0,0,0,0,0,0,0,0,0,0,0,0,0,0,0,0,0,0,0,0,0,1995,0,999,NULL,8,30000000,124590960,66.0,7.3
2832509,671426,"Peláez, Angelina",0,0,0,0,0,0,0,0,0,0,0,0,0,0,0,0,0,0,0,0,0,0,0,0,0,0,0,0,0,0,0,0,2001,0,999,NULL,2,NULL,475940,55.0,6.5
2832736,891786,"PenaVega, Alexa",0,0,0,0,0,0,0,0,0,0,0,0,0,0,0,0,0,0,0,0,0,0,0,0,0,0,0,0,0,0,0,0,1994,0,999,NULL,9,39000000,111760631,57.0,4.1
2833952,5305,"Perabo, Piper",0,0,0,0,0,0,0,0,0,0,0,0,0,0,0,0,0,0,0,0,0,0,0,0,0,0,0,0,0,0,0,0,1999,0,999,NULL,4,40000000,138614544,46.0,5.8
2841560,201,"Pfeiffer, Michelle",0,0,1,6,7,0,3,3,0,0,0,1,2,3,0,0,0,0,0,0,0,0,0,0,0,0,0,0,0,2,11,13,1980,1989,9,NULL,23,60000000,26288320,48.0,6.6
2845466,682923,"Pietropinto, Rita",0,0,0,0,0,0,0,0,0,0,0,0,0,0,0,0,0,0,0,0,0,0,0,0,0,0,0,0,0,0,0,0,2003,0,999,NULL,0,2300000,NULL,NULL,5.6
2846175,683467,"Pill, Alison",0,0,0,0,0,0,0,0,0,0,0,0,0,0,0,0,0,0,0,0,0,0,0,0,0,0,0,0,0,0,0,0,1999,0,999,NULL,4,4500000,2360184,70.0,7.1
2850695,687491,"Plowman, Anna-Louise",0,0,0,0,0,0,0,0,0,0,0,0,0,0,0,0,0,0,0,0,0,0,0,0,0,0,0,0,0,0,0,0,1997,0,999,NULL,6,50000000,60470220,58.0,6.2
2850708,687506,"Plowright, Joan",0,0,2,2,4,0,1,1,0,0,0,0,1,1,0,0,0,0,0,0,0,0,0,0,0,0,0,0,0,2,4,6,1977,1978,1,NULL,26,33000000,132541238,47.0,7.3
2852353,688953,"Poledouris, Zoë",0,0,0,0,0,0,0,0,0,0,0,0,0,0,0,0,0,0,0,0,0,0,0,0,0,0,0,0,0,0,0,0,1997,0,999,NULL,6,1200000,58936,49.0,6.1
2853185,1632,"Polo, Teri",0,0,0,0,0,0,0,0,0,0,0,0,0,0,0,0,0,0,0,0,0,0,0,0,0,0,0,0,0,0,0,0,1991,0,999,NULL,12,35000000,4426297,32.0,6.7
2853619,690186,"Pompeo, Ellen",0,0,0,0,0,0,0,0,0,0,0,0,0,0,0,0,0,0,0,0,0,0,0,0,0,0,0,0,0,0,0,0,1999,0,999,NULL,4,78000000,102543518,54.0,7.2
2855855,692162,"Porter, Jennifer Nichole",0,0,0,0,0,0,0,0,0,0,0,0,0,0,0,0,0,0,0,0,0,0,0,0,0,0,0,0,0,0,0,0,1999,0,999,NULL,4,500000,NULL,NULL,7.0
2859612,6721,"Pratt, Susan May",0,0,0,0,0,0,0,0,0,0,0,0,0,0,0,0,0,0,0,0,0,0,0,0,0,0,0,0,0,0,0,0,1998,0,999,NULL,5,1500000,NULL,NULL,6.0
2860646,593,"Preston, Kelly",0,0,0,0,0,0,0,0,0,0,0,0,0,0,0,0,0,0,0,0,0,0,0,0,0,0,0,0,0,0,0,0,1983,0,999,NULL,20,109000000,100446895,41.0,5.8
2865298,1272826,"Pulsipher, Lindsay",0,0,0,0,0,0,0,0,0,0,0,0,0,0,0,0,0,0,0,0,0,0,0,0,0,0,0,0,0,0,0,0,2002,0,999,NULL,1,300000,NULL,NULL,4.7
2868045,702833,"Quan, Dionne",0,0,0,0,0,0,0,0,0,0,0,0,0,0,0,0,0,0,0,0,0,0,0,0,0,0,0,0,0,0,0,0,2000,0,999,NULL,3,25000000,39399750,38.0,5.5
2869804,1560588,"Quintos, Gina",0,0,0,0,0,0,0,0,0,0,0,0,0,0,0,0,0,0,0,0,0,0,0,0,0,0,0,0,0,0,0,0,2003,0,999,NULL,0,NULL,131029,66.0,5.9
2882477,1655,"Redgrave, Lynn",0,0,2,3,5,0,2,2,0,0,0,0,3,3,0,0,0,0,0,0,0,0,0,0,0,0,0,0,0,2,8,10,1970,1967,-3,NULL,33,100000000,48417850,64.0,6.9
2883263,1223023,"Reed, Nikki",0,0,0,0,0,0,0,0,0,0,0,0,0,0,0,0,0,0,0,0,0,0,0,0,0,0,0,0,0,0,0,0,2003,0,999,NULL,0,1500000,4599680,70.0,6.9
2884010,716269,"Reeves, Nanea",0,0,0,0,0,0,0,0,0,0,0,0,0,0,0,0,0,0,0,0,0,0,0,0,0,0,0,0,0,0,0,0,1992,0,999,NULL,11,800000,NULL,NULL,7.8
2885360,5346,"Reid, Tara",0,0,0,0,0,0,0,0,0,0,0,0,0,0,0,0,0,0,0,0,0,0,0,0,0,0,0,0,0,0,0,0,1987,0,999,NULL,16,14000000,15550605,NULL,5.5
2892177,207,"Ricci, Christina",0,0,0,1,1,0,0,0,0,0,0,0,0,0,0,0,0,0,0,0,0,0,0,0,0,0,0,0,0,0,1,1,1990,1999,9,NULL,13,18000000,34469210,74.0,7.3
2896386,727115,"Riley, Maggie",0,0,0,0,0,0,0,0,0,0,0,0,0,0,0,0,0,0,0,0,0,0,0,0,0,0,0,0,0,0,0,0,2003,0,999,NULL,0,500000,41929,57.0,6.7
2901065,210,"Roberts, Julia",0,0,3,5,8,1,3,4,0,0,0,1,2,3,0,0,0,1,1,2,0,0,0,0,0,0,0,0,0,6,11,17,1987,1990,3,NULL,16,65000000,63695760,45.0,6.4
2901621,731732,"Robertson, Barbara E.",0,0,0,0,0,0,0,0,0,0,0,0,0,0,0,0,0,0,0,0,0,0,0,0,0,0,0,0,0,0,0,0,1987,0,999,NULL,16,15000000,2281585,73.0,6.2
2905969,1187350,"Rodriguez, Krystal",0,0,0,0,0,0,0,0,0,0,0,0,0,0,0,0,0,0,0,0,0,0,0,0,0,0,0,0,0,0,0,0,2003,0,999,NULL,0,800000,2073984,83.0,7.2
2906117,735442,"Rodriguez, Michelle",0,0,0,0,0,0,0,0,0,0,0,0,0,0,0,0,0,0,0,0,0,0,0,0,0,0,0,0,0,0,0,0,2000,0,999,NULL,3,80000000,116934650,45.0,6.0
2907960,211,"Rogers, Mimi",0,0,0,0,0,0,0,0,0,0,0,0,0,0,0,0,0,0,0,0,0,0,0,0,0,0,0,0,0,0,0,0,1983,0,999,NULL,20,19000000,26214846,19.0,3.4
2912865,741242,"Rose, Anika Noni",0,0,0,0,0,0,0,0,0,0,0,0,0,0,0,0,0,0,0,0,0,0,0,0,0,0,0,0,0,0,0,0,2003,0,999,NULL,0,12000000,4922166,14.0,2.1
2921423,1689,"Ruehl, Mercedes",0,0,1,1,2,1,1,2,0,0,0,0,0,0,0,0,0,0,0,0,0,0,0,0,0,0,0,0,0,2,2,4,1979,1992,13,NULL,24,7000000,NULL,NULL,5.0
2924153,622,"Russell, Theresa",0,0,0,0,0,0,0,0,0,0,0,0,0,0,0,0,0,0,0,0,0,0,0,0,0,0,0,0,0,0,0,0,1976,0,999,NULL,27,1000000,NULL,NULL,5.0
2925306,752436,"Ryan, Blanchard",0,0,0,0,0,0,0,0,0,0,0,0,0,0,0,0,0,0,0,0,0,0,0,0,0,0,0,0,0,0,0,0,1999,0,999,NULL,4,500000,30610863,63.0,5.7
2925645,212,"Ryan, Meg",0,0,0,3,3,0,0,0,0,0,0,0,0,0,0,0,0,0,0,0,0,0,0,0,0,0,0,0,0,0,3,3,1981,1990,9,NULL,22,12000000,4717455,46.0,5.3
2929825,756089,"Sagemiller, Melissa",0,0,0,0,0,0,0,0,0,0,0,0,0,0,0,0,0,0,0,0,0,0,0,0,0,0,0,0,0,0,0,0,2001,0,999,NULL,2,1000000,NULL,45.0,6.5
2936554,761052,"Sanchez, Roselyn",0,0,0,0,0,0,0,0,0,0,0,0,0,0,0,0,0,0,0,0,0,0,0,0,0,0,0,0,0,0,0,0,1992,0,999,NULL,11,50000000,26536120,34.0,6.5
2939729,2423420,"Santiago, Marilyn Soto",0,0,0,0,0,0,0,0,0,0,0,0,0,0,0,0,0,0,0,0,0,0,0,0,0,0,0,0,0,0,0,0,2003,0,999,NULL,0,125000,NULL,NULL,6.0
2947016,769311,"Scarwid, Diana",0,0,0,0,0,0,1,1,0,0,0,0,0,0,0,0,0,0,0,0,0,0,0,0,0,0,0,0,0,0,1,1,1978,1981,3,NULL,25,20000000,15408822,36.0,6.3
2950384,1348570,"Schmidt, Adele",0,0,0,0,0,0,0,0,0,0,0,0,0,0,0,0,0,0,0,0,0,0,0,0,0,0,0,0,0,0,0,0,2003,0,999,NULL,0,NULL,163720,NULL,7.1
2952056,NULL,"Schoenfeld, Faith",0,0,0,0,0,0,0,0,0,0,0,0,0,0,0,0,0,0,0,0,0,0,0,0,0,0,0,0,0,0,0,0,2003,0,999,NULL,0,130000,NULL,NULL,NULL
2958940,1718,"Sedgwick, Kyra",0,0,0,2,2,0,0,0,0,0,0,0,0,0,0,0,0,0,0,0,0,0,0,0,0,0,0,0,0,0,2,2,1985,1993,8,NULL,18,30000000,41407470,52.0,7.6
2964895,1721,"Sevigny, Chloë",0,0,0,1,1,0,1,1,0,0,0,0,0,0,0,0,0,0,0,0,0,0,0,0,0,0,0,0,0,0,2,2,1995,2000,5,NULL,8,6000000,2207975,73.0,7.3
2967445,788340,"Shannon, Molly",0,0,0,0,0,0,0,0,0,0,0,0,0,0,0,0,0,0,0,0,0,0,0,0,0,0,0,0,0,0,0,0,1989,0,999,NULL,14,17000000,37566230,90.0,7.6
2968216,788907,"Sharma, Rekha",0,0,0,0,0,0,0,0,0,0,0,0,0,0,0,0,0,0,0,0,0,0,0,0,0,0,0,0,0,0,0,0,2003,0,999,NULL,0,60000000,31111260,56.0,5.4
2969216,789831,"Shaw, Kristen",0,0,0,0,0,0,0,0,0,0,0,0,0,0,0,0,0,0,0,0,0,0,0,0,0,0,0,0,0,0,0,0,2000,0,999,NULL,3,400000,NULL,NULL,4.7
2970097,639,"Sheedy, Ally",0,0,0,0,0,0,0,0,0,0,0,0,0,0,0,0,0,0,0,0,0,0,0,0,0,0,0,0,0,0,0,0,1983,0,999,NULL,20,5000000,NULL,NULL,3.9
2970990,5420,"Shelton, Marley",0,0,0,0,0,0,0,0,0,0,0,0,0,0,0,0,0,0,0,0,0,0,0,0,0,0,0,0,0,0,0,0,1991,0,999,NULL,12,NULL,36922190,55.0,6.2
2973187,793390,"Shih, Wen Yann",0,0,0,0,0,0,0,0,0,0,0,0,0,0,0,0,0,0,0,0,0,0,0,0,0,0,0,0,0,0,0,0,1999,0,999,NULL,4,55000000,33828318,62.0,5.8
2974533,1735,"Shire, Talia",0,0,0,1,1,0,2,2,0,0,0,0,0,0,0,0,0,0,0,0,0,0,0,0,0,0,0,0,0,0,3,3,1968,1975,7,NULL,35,17000000,NULL,NULL,5.6
2980054,224,"Silverstone, Alicia",0,1,0,0,0,0,0,0,0,0,0,0,0,0,0,0,0,0,0,0,0,0,0,0,0,0,0,0,0,0,0,0,1993,0,999,362867,10,7000000,NULL,NULL,6.0
2981012,NULL,"Simmons, Summer",0,0,0,0,0,0,0,0,0,0,0,0,0,0,0,0,0,0,0,0,0,0,0,0,0,0,0,0,0,0,0,0,1999,0,999,NULL,4,300000,NULL,NULL,NULL
2987494,805131,"Slack, Brook Jenell",0,0,0,0,0,0,0,0,0,0,0,0,0,0,0,0,0,0,0,0,0,0,0,0,0,0,0,0,0,0,0,0,2003,0,999,NULL,0,300000,NULL,NULL,4.7
2988574,806080,"Sloatman, Lala",0,0,0,0,0,0,0,0,0,0,0,0,0,0,0,0,0,0,0,0,0,0,0,0,0,0,0,0,0,0,0,0,1988,0,999,NULL,15,1000000,NULL,NULL,4.4
2989186,5442,"Smart, Amy",0,0,0,0,0,0,0,0,0,0,0,0,0,0,0,0,0,0,0,0,0,0,0,0,0,0,0,0,0,0,0,0,1997,0,999,NULL,6,1000000,279282,33.0,6.1
2992155,809135,"Smith, Lois",0,0,0,0,0,0,0,0,0,0,0,0,0,0,0,0,0,0,0,0,0,0,0,0,0,0,0,0,0,0,0,0,1955,0,999,NULL,48,NULL,164520,57.0,7.1
2997720,1376482,"Solá, Lucila",0,0,0,0,0,0,0,0,0,0,0,0,0,0,0,0,0,0,0,0,0,0,0,0,0,0,0,0,0,0,0,0,2003,0,999,NULL,0,NULL,373942,NULL,5.4
3000216,815370,"Sossamon, Shannyn",0,0,0,0,0,0,0,0,0,0,0,0,0,0,0,0,0,0,0,0,0,0,0,0,0,0,0,0,0,0,0,0,2001,0,999,NULL,2,38000000,7659747,21.0,5.1
3000546,NULL,"Sotolongo, Maria Fonseca",0,0,0,0,0,0,0,0,0,0,0,0,0,0,0,0,0,0,0,0,0,0,0,0,0,0,0,0,0,0,0,0,2000,0,999,NULL,3,250000,NULL,NULL,NULL
3000675,815718,"Soucie, Kath",0,0,0,0,0,0,0,0,0,0,0,0,0,0,0,0,0,0,0,0,0,0,0,0,0,0,0,0,0,0,0,0,1991,0,999,NULL,12,25000000,39399750,62.0,5.9
3009572,823546,"Starr, Kinnie",0,0,0,0,0,0,0,0,0,0,0,0,0,0,0,0,0,0,0,0,0,0,0,0,0,0,0,0,0,0,0,0,2003,0,999,NULL,0,1200000,58936,49.0,6.1
3011451,5462,"Stefanson, Leslie",0,0,0,0,0,0,0,0,0,0,0,0,0,0,0,0,0,0,0,0,0,0,0,0,0,0,0,0,0,0,0,0,1994,0,999,NULL,9,55000000,34238611,40.0,6.0
3015938,1518863,"Stewart, Nora",0,0,0,0,0,0,0,0,0,0,0,0,0,0,0,0,0,0,0,0,0,0,0,0,0,0,0,0,0,0,0,0,2003,0,999,NULL,0,150000,NULL,NULL,7.3
3016477,5466,"Stiles, Julia",0,0,0,0,0,0,0,0,0,0,0,0,0,0,0,0,0,0,0,0,0,0,0,0,0,0,0,0,0,0,0,0,1997,0,999,NULL,6,65000000,63695760,45.0,6.4
3018590,232,"Stone, Sharon",0,0,1,4,5,0,1,1,0,0,0,0,0,0,0,0,0,0,0,0,0,0,0,0,0,0,0,0,0,1,5,6,1980,1993,13,NULL,23,NULL,21384035,37.0,4.9
3019512,656,"Stowe, Madeleine",0,0,0,0,0,0,0,0,0,0,0,0,0,0,0,0,0,0,0,0,0,0,0,0,0,0,0,0,0,0,0,0,1981,0,999,NULL,22,17000000,NULL,NULL,5.2
3030260,5476,"Swank, Hilary",0,0,1,1,2,1,1,2,0,0,0,0,1,1,0,0,0,1,1,2,0,0,0,0,0,0,0,0,0,3,4,7,1992,2000,8,NULL,11,60000000,31111260,65.0,7.2
3030416,1785,"Swanson, Kristy",0,0,0,0,0,0,0,0,0,0,0,0,0,0,0,0,0,0,0,0,0,0,0,0,0,0,0,0,0,0,0,0,1986,0,999,NULL,17,5000000,NULL,NULL,4.8
3037408,1440108,"Takeshita, Akiko",0,0,0,0,0,0,0,0,0,0,0,0,0,0,0,0,0,0,0,0,0,0,0,0,0,0,0,0,0,0,0,0,2003,0,999,NULL,0,4000000,44566004,89.0,7.8
3044745,853041,"Taylor, Renée",0,0,0,0,0,0,0,0,0,0,0,0,0,0,0,0,0,0,0,0,0,0,0,0,0,0,0,0,0,0,0,0,1958,0,999,NULL,45,NULL,527000,NULL,NULL
3045059,1592226,"Taylor, Vaughn",0,0,0,0,0,0,0,0,0,0,0,0,0,0,0,0,0,0,0,0,0,0,0,0,0,0,0,0,0,0,0,0,2003,0,999,NULL,0,3500000,NULL,NULL,5.4
3050404,234,"Theron, Charlize",1,1,0,0,0,0,0,0,0,0,0,0,0,0,0,0,0,0,0,0,0,0,0,0,0,0,0,0,0,0,0,0,1995,0,999,340855,8,60000000,106126012,74.0,7.3
3052693,859720,"Thomason, Marsha",0,0,0,0,0,0,0,0,0,0,0,0,0,0,0,0,0,0,0,0,0,0,0,0,0,0,0,0,0,0,0,0,2001,0,999,NULL,2,90000000,75817994,34.0,4.9
3055459,235,"Thurman, Uma",0,1,1,2,3,0,1,1,0,0,0,0,1,1,0,0,0,0,0,0,0,0,0,0,0,0,0,0,0,1,4,5,1987,1995,8,266697,16,60000000,70099045,69.0,8.2
3058148,864332,"Tishby, Noa",0,0,0,0,0,0,0,0,0,0,0,0,0,0,0,0,0,0,0,0,0,0,0,0,0,0,0,0,0,0,0,0,2003,0,999,NULL,0,500000,NULL,NULL,6.3
3059112,865177,"Todd, Hallie",0,0,0,0,0,0,0,0,0,0,0,0,0,0,0,0,0,0,0,0,0,0,0,0,0,0,0,0,0,0,0,0,1982,0,999,NULL,21,17000000,42672630,56.0,5.2
3060822,673,"Tomei, Marisa",0,0,0,1,1,1,2,3,0,0,0,0,0,0,0,0,0,0,1,1,0,0,0,0,0,0,0,0,0,1,4,5,1984,1993,9,NULL,19,75000000,133756285,52.0,6.2
3060976,674,"Tomita, Tamlyn",0,0,0,0,0,0,0,0,0,0,0,0,0,0,0,0,0,0,0,0,0,0,0,0,0,0,0,0,0,0,0,0,1986,0,999,NULL,17,NULL,131029,66.0,5.9
3065245,870447,"Tracey, Olivia",0,0,0,0,0,0,0,0,0,0,0,0,0,0,0,0,0,0,0,0,0,0,0,0,0,0,0,0,0,0,0,0,1999,0,999,NULL,4,350000,NULL,33.0,6.6
3072557,677,"Tunney, Robin",0,0,0,0,0,0,0,0,0,0,0,0,0,0,0,0,0,0,0,0,0,0,0,0,0,0,0,0,0,0,0,0,1992,0,999,NULL,11,1500,20440627,76.0,6.5
3074679,878500,"Twala, Mary",0,0,0,0,0,0,0,0,0,0,0,0,0,0,0,0,0,0,0,0,0,0,0,0,0,0,0,0,0,0,0,0,1992,0,999,NULL,11,2000000,NULL,NULL,7.3
3078290,5517,"Union, Gabrielle",0,0,0,0,0,0,0,0,0,0,0,0,0,0,0,0,0,0,0,0,0,0,0,0,0,0,0,0,0,0,0,0,1999,0,999,NULL,4,130000000,138396624,46.0,6.5
3092903,1100853,"Velasquez, Jaci",0,0,0,0,0,0,0,0,0,0,0,0,0,0,0,0,0,0,0,0,0,0,0,0,0,0,0,0,0,0,0,0,2003,0,999,NULL,0,NULL,6126237,33.0,4.7
3094607,893638,"Verbeke, Natalia",0,0,0,0,0,0,0,0,0,0,0,0,0,0,0,0,0,0,0,0,0,0,0,0,0,0,0,0,0,0,0,0,2001,0,999,NULL,2,NULL,306224,39.0,6.9
3095109,5527,"Vergara, Sofía",0,0,0,0,0,0,0,0,0,0,0,0,0,0,0,0,0,0,0,0,0,0,0,0,0,0,0,0,0,0,0,0,2000,0,999,NULL,3,NULL,6126237,33.0,4.7
3100658,898597,"Vincent, Cerina",0,0,0,0,0,0,0,0,0,0,0,0,0,0,0,0,0,0,0,0,0,0,0,0,0,0,0,0,0,0,0,0,2001,0,999,NULL,2,1500000,21156247,56.0,5.6
3113571,910278,"Walters, Julie",0,0,1,2,3,0,2,2,0,0,0,0,0,0,0,0,0,0,0,0,0,0,0,0,0,0,0,0,0,1,4,5,1991,1984,-7,NULL,12,10000000,31011616,60.0,6.9
3116587,5535,"Warren, Estella",0,0,0,0,0,0,0,0,0,0,0,0,0,0,0,0,0,0,0,0,0,0,0,0,0,0,0,0,0,0,0,0,2001,0,999,NULL,2,60000000,66734992,69.0,7.0
3119288,915208,"Watts, Naomi",0,0,0,0,0,0,0,0,0,0,0,0,0,0,0,0,0,0,0,0,0,0,0,0,0,0,0,0,0,0,0,0,1993,0,999,NULL,10,20000000,16248701,70.0,7.7
3120063,244,"Weaver, Sigourney",0,0,2,5,7,0,3,3,0,0,0,1,2,3,0,0,0,0,0,0,0,0,0,0,0,0,0,0,0,3,10,13,1977,1987,10,NULL,26,20000000,67406573,71.0,7.1
3122989,1628119,"Weiss, Mariam",0,0,0,0,0,0,0,0,0,0,0,0,0,0,0,0,0,0,0,0,0,0,0,0,0,0,0,0,0,0,0,0,2003,0,999,NULL,0,1000000,NULL,NULL,NULL
3123174,1838,"Weisz, Rachel",0,0,0,0,0,0,0,0,0,0,0,0,0,0,0,0,0,0,0,0,0,0,0,0,0,0,0,0,0,0,0,0,1996,0,999,NULL,7,60000000,49440996,61.0,7.1
3126899,922927,"Weston, Celia",0,0,0,0,0,0,0,0,0,0,0,0,0,0,0,0,0,0,0,0,0,0,0,0,0,0,0,0,0,0,0,0,1981,0,999,NULL,22,137000000,132122995,61.0,7.1
3127255,923266,"Wever, Merritt",0,0,0,0,0,0,0,0,0,0,0,0,0,0,0,0,0,0,0,0,0,0,0,0,0,0,0,0,0,0,0,0,1997,0,999,NULL,6,150000,NULL,NULL,5.7
3129547,1440431,"White, Sarah",0,0,0,0,0,0,0,0,0,0,0,0,0,0,0,0,0,0,0,0,0,0,0,0,0,0,0,0,0,0,0,0,2003,0,999,NULL,0,NULL,251862,52.0,6.4
3129562,1214282,"White, Sarah Megan",0,0,0,0,0,0,0,0,0,0,0,0,0,0,0,0,0,0,0,0,0,0,0,0,0,0,0,0,0,0,0,0,2002,0,999,NULL,1,150000,NULL,NULL,NULL
3130122,1337115,"Whitfield, Kay",0,0,0,0,0,0,0,0,0,0,0,0,0,0,0,0,0,0,0,0,0,0,0,0,0,0,0,0,0,0,0,0,2003,0,999,NULL,0,250000,NULL,NULL,6.6
3130333,926165,"Whitman, Mae",0,0,0,0,0,0,0,0,0,0,0,0,0,0,0,0,0,0,0,0,0,0,0,0,0,0,0,0,0,0,0,0,1994,0,999,NULL,9,20000000,47887943,38.0,5.3
3138482,933281,"Wilson, Debra",0,0,0,0,0,0,0,0,0,0,0,0,0,0,0,0,0,0,0,0,0,0,0,0,0,0,0,0,0,0,0,0,1994,0,999,NULL,9,400000,NULL,NULL,4.7
3139355,933959,"Wilson, Peta",0,0,0,0,0,0,0,0,0,0,0,0,0,0,0,0,0,0,0,0,0,0,0,0,0,0,0,0,0,0,0,0,1995,0,999,NULL,8,78000000,66465204,30.0,5.8
3140953,701,"Winslet, Kate",0,0,0,3,3,0,3,3,0,0,0,1,2,3,0,0,0,0,0,0,0,0,0,0,0,0,0,0,0,1,8,9,1995,1996,1,NULL,8,50000000,19593740,31.0,7.5
3142428,702,"Witherspoon, Reese",0,0,0,2,2,0,0,0,0,0,0,0,0,0,0,0,0,0,0,0,0,0,0,0,0,0,0,0,0,0,2,2,1991,2000,9,NULL,12,45000000,89808372,47.0,4.5
3145529,939697,"Wood, Evan Rachel",0,1,0,0,0,0,0,0,0,0,0,0,0,0,0,0,0,0,0,0,0,0,0,0,0,0,0,0,0,0,0,0,1998,0,999,328538,5,60000000,26900336,70.0,6.9
3146020,5569,"Woodard, Alfre",0,0,1,3,4,0,1,1,0,0,0,0,0,0,0,0,0,0,0,0,0,0,0,0,0,0,0,0,0,1,4,5,1978,1984,6,NULL,25,60000000,52277485,48.0,6.9
3148759,1180383,"Wright, Michelle",0,0,0,0,0,0,0,0,0,0,0,0,0,0,0,0,0,0,0,0,0,0,0,0,0,0,0,0,0,0,0,0,2000,0,999,NULL,3,500000,1111615,NULL,5.8
3148884,705,"Wright, Robin",0,0,0,1,1,0,0,0,0,0,0,0,0,0,0,0,0,0,0,0,0,0,0,0,0,0,0,0,0,0,1,1,1986,1995,9,NULL,17,8000000,336456,48.0,5.7
3164530,250,"Zellweger, Renée",1,1,2,3,5,0,2,2,0,0,0,0,2,2,0,0,0,0,1,1,0,0,0,0,0,0,0,0,0,2,8,10,1993,2001,8,159365,10,79000000,95632614,73.0,7.2
3165089,1876,"Zeta-Jones, Catherine",0,0,0,2,2,1,1,2,0,0,0,1,1,2,0,0,0,1,1,2,0,0,0,0,0,0,0,0,0,3,5,8,1992,2001,9,NULL,11,60000000,35327628,71.0,6.6
3170001,1457090,"Álvarez, Amanda",0,0,0,0,0,0,0,0,0,0,0,0,0,0,0,0,0,0,0,0,0,0,0,0,0,0,0,0,0,0,0,0,2003,0,999,NULL,0,NULL,475940,55.0,6.5
